datetime,latitude,longitude,temperature,precipitation,humidity,wind_speed,solar_radiation
20200101,-32.45,125.6,22.51,0.0,60.28,4.78,9.2753
20200101,9.69,-114.66,26.62,5.1,84.02,3.53,3.9046
20200101,-53.37,-30.96,1.99,3.07,94.52,7.16,4.5432
20200101,57.4,-115.65,-12.46,0.44,99.99,0.38,0.2842
20200101,-33.55,-18.17,19.8,0.24,81.54,3.16,8.5094
20200101,-7.67,31.42,21.01,0.76,82.02,1.22,5.0335
20200101,-44.44,12.85,10.56,2.62,95.22,8.78,4.3423
20200101,-49.45,-22.92,4.77,4.68,87.14,8.64,3.029
20200101,44.07,77.22,-1.67,0.14,82.84,2.38,1.7839
20200101,-14.93,-15.73,23.58,0.01,77.46,5.67,8.3328
20200101,52.42,159.26,1.17,13.51,81.56,12.33,0.1678
20200101,39.43,-88.54,2.2,0.0,81.06,4.24,2.8104
20200101,19.47,37.85,25.4,0.0,75.65,4.2,3.5933
20200101,-1.92,77.23,28.41,2.97,74.85,2.18,5.6064
20200101,36.15,-43.08,15.51,0.05,64.4,4.23,2.1734
20200101,57.03,91.13,-9.33,0.84,98.73,1.19,0.4056
20200101,-20.44,67.22,27.28,8.9,85.69,7.6,8.0314
20200101,49.8,45.84,-2.12,3.07,92.76,3.51,0.3317
20200101,-23.06,47.26,25.98,7.34,78.1,0.55,7.3123
20200101,-0.27,-112.99,23.59,0.06,87.81,4.38,7.1237
20200101,-28.54,-160.24,21.31,0.96,74.88,4.95,5.5332
20200101,36.11,-45.86,15.08,0.24,66.39,4.47,2.0496
20200101,57.03,65.02,-9.61,0.78,96.32,3.89,0.3206
20200101,21.47,141.34,26.59,0.18,70.37,2.67,4.7402
20200101,-19.81,36.37,28.59,1.55,80.17,5.83,7.2816
20200101,24.12,-0.41,10.35,0.0,30.84,5.72,4.2907
20200101,-33.66,28.11,21.91,2.01,82.09,7.08,4.9488
20200101,-41.03,161.3,16.77,11.36,97.25,3.9,2.6354
20200101,-40.94,108.99,11.86,0.44,76.59,8.57,8.2918
20200101,41.15,-129.38,12.99,0.23,94.19,5.65,1.0025
20200101,18.42,-179.72,25.18,1.62,81.98,9.27,3.5364
20200101,-50.31,59.88,4.71,4.76,88.71,10.04,8.5915
20200101,-4.0,-152.89,27.5,0.0,76.61,5.87,7.0644
20200101,47.49,-56.92,0.91,12.23,93.3,8.75,0.3341
20200101,5.78,-44.65,26.44,0.74,75.93,6.56,5.3688
20200101,0.5,126.95,29.0,1.39,77.61,3.54,6.461
20200101,8.53,-119.23,26.66,8.21,84.58,3.45,5.0177
20200101,16.42,124.88,27.26,1.14,80.28,8.52,3.5203
20200101,-1.59,-178.59,28.99,8.25,76.15,2.26,5.4
20200101,-54.83,-116.69,5.23,0.79,81.31,8.41,5.7077
20200101,58.77,-11.09,10.38,8.5,89.27,13.74,0.138
20200101,-5.28,142.48,17.9,28.17,93.57,0.67,5.5205
20200101,14.17,-60.62,26.89,1.0,77.61,4.68,5.4859
20200101,24.54,166.69,20.62,0.0,73.76,7.52,4.5019
20200101,53.18,-151.42,0.04,1.97,75.06,10.29,0.4968
20200101,-5.18,-124.08,25.34,0.08,83.75,4.54,7.3709
20200101,-25.98,6.16,20.44,0.11,76.1,6.28,7.433
20200101,59.89,-29.72,2.34,1.03,73.98,12.66,0.192
20200101,-50.78,-108.82,6.66,2.21,82.85,8.15,6.7874
20200101,-22.4,62.67,26.65,9.72,87.76,11.14,5.2942
20200101,34.68,-82.65,4.93,0.0,81.4,0.6,3.3713
20200101,8.96,148.91,27.97,2.73,79.28,8.22,5.2538
20200101,-20.73,43.16,29.01,5.56,79.72,3.29,8.166
20200101,-27.32,-82.99,19.69,0.01,72.29,4.31,7.1878
20200101,10.98,-140.53,25.97,8.59,83.09,6.97,3.2669
20200101,37.54,-142.81,15.82,0.02,87.21,7.64,2.3971
20200101,49.73,167.49,1.52,0.2,80.33,7.78,0.9701
20200101,36.81,144.62,9.78,0.28,73.19,9.15,1.4786
20200101,20.57,105.01,17.01,1.54,90.91,0.52,1.26
20200101,9.73,69.67,27.8,0.53,81.19,3.49,5.364
20200101,0.04,-153.16,26.89,0.01,78.51,6.1,6.8789
20200101,21.64,-91.0,25.0,1.55,88.32,4.78,3.9454
20200101,3.92,-174.85,27.97,1.43,86.1,4.29,6.319
20200101,-34.62,145.71,25.73,0.0,18.22,3.25,9.5134
20200101,37.28,-3.2,8.7,0.0,56.18,0.81,3.0588
20200101,18.22,34.83,23.17,0.0,41.82,2.41,4.9949
20200101,-4.4,-17.77,27.08,0.01,75.43,5.7,7.2329
20200101,26.73,104.25,8.98,0.0,76.65,4.03,4.1556
20200101,31.48,-116.97,14.75,0.0,70.68,2.23,3.7889
20200101,-51.87,-72.3,13.81,0.64,74.98,4.77,6.198
20200101,30.35,-89.52,9.77,6.19,84.13,0.52,2.3494
20200101,40.45,-3.73,5.65,0.0,68.87,0.61,2.5531
20200101,13.96,-5.88,20.09,0.0,27.33,3.82,5.5836
20200101,8.87,-168.75,28.04,0.2,74.01,7.83,4.8895
20200101,-52.22,58.06,3.61,1.6,89.11,10.72,7.1969
20200101,-45.09,-12.85,8.72,0.59,79.63,8.65,4.9543
20200101,8.35,26.75,26.69,0.0,28.51,2.68,5.9918
20200101,-31.59,120.42,29.58,0.0,23.78,2.5,9.3948
20200101,-49.83,-86.21,8.74,3.29,82.67,5.61,8.2481
20200101,10.2,57.58,26.91,0.07,78.32,6.05,5.5092
20200101,2.82,-45.27,27.42,2.05,79.39,6.47,5.3069
20200101,23.85,-33.17,22.18,0.0,75.41,4.29,4.5082
20200101,-6.39,142.09,25.57,23.89,95.37,0.09,4.6231
20200101,-57.38,141.04,3.24,0.87,87.21,7.41,6.0331
20200101,22.62,39.32,21.82,0.0,51.85,2.2,3.7658
20200101,55.52,75.65,-13.09,2.06,96.67,6.36,0.5218
20200101,-16.09,86.42,27.14,3.13,83.01,5.35,7.5271
20200101,-30.37,-124.19,19.44,4.37,90.84,4.11,6.385
20200101,-43.65,127.34,12.01,0.54,85.35,8.98,7.0543
20200101,-40.5,126.79,14.38,1.04,86.88,7.05,6.1836
20200101,37.1,-41.32,16.01,0.07,64.82,5.36,1.8326
20200101,-40.41,45.25,11.55,0.26,82.23,4.19,6.649
20200101,-47.64,116.81,7.26,1.2,85.24,4.7,4.1321
20200101,1.96,-157.87,27.09,0.01,77.57,4.71,6.6002
20200101,-25.27,-53.07,26.88,11.31,73.86,0.19,6.0089
20200101,33.38,-144.36,18.07,0.1,80.37,6.96,3.3072
20200101,-21.87,-42.74,23.5,0.95,82.36,1.78,7.5026
20200101,-54.84,-170.68,7.85,0.95,85.77,6.39,4.6142
20200101,-16.8,148.03,26.83,0.06,82.16,3.76,8.1463
20200101,32.12,-1.28,7.45,0.0,45.0,1.06,3.8796
20200101,-3.64,131.57,29.2,0.87,80.03,3.59,6.2995
20200101,51.39,163.5,1.67,2.43,77.97,11.51,0.4262
20200101,25.1,154.67,24.6,2.05,76.76,6.13,2.6918
20200101,35.51,97.93,-13.86,0.0,61.32,5.2,3.2011
20200101,-18.57,-113.09,22.92,0.2,79.43,2.89,8.5829
20200101,11.42,59.6,26.63,0.35,77.26,5.87,5.3921
20200101,42.15,-130.32,12.85,0.45,92.48,5.96,1.0999
20200101,-31.28,-71.46,20.22,0.44,51.15,2.39,6.7099
20200101,-34.92,-74.26,15.91,0.0,86.58,6.16,8.3851
20200101,-18.45,6.32,21.82,0.18,77.66,6.69,6.9449
20200101,47.17,108.32,-16.38,0.0,70.25,1.84,1.7791
20200101,58.78,27.25,-1.16,0.46,97.17,2.13,0.2273
20200101,-35.39,-64.2,23.76,0.0,56.37,0.18,5.1557
20200101,41.24,-101.8,2.66,0.19,57.3,4.0,1.2684
20200101,16.9,-148.06,24.65,0.18,77.25,6.95,4.134
20200101,-33.46,-166.08,19.65,1.21,76.14,9.92,6.0778
20200101,-9.27,-177.07,28.49,2.89,81.58,3.12,5.3417
20200101,42.08,132.66,-4.19,0.0,68.87,9.02,2.2174
20200101,26.62,140.14,21.27,0.4,78.31,7.05,3.4627
20200101,18.67,91.2,24.12,1.54,82.52,5.22,2.8901
20200101,-40.19,-45.94,17.41,2.56,84.34,4.8,5.1444
20200101,12.06,-178.86,27.85,0.27,74.37,8.83,4.9344
20200101,-7.76,-91.09,22.84,0.06,71.89,2.13,5.6633
20200101,-4.19,-61.63,25.65,12.15,92.5,0.25,4.1717
20200101,4.72,73.58,27.98,0.18,80.72,4.61,5.7785
20200101,59.14,-129.57,-9.23,2.54,98.06,1.8,0.1301
20200101,-35.18,-149.46,20.46,9.68,90.21,7.0,4.6546
20200101,-46.04,63.75,9.42,8.91,95.13,6.94,3.5366
20200101,-36.44,116.4,17.38,1.78,84.09,4.98,6.8669
20200101,47.78,94.62,-13.52,0.0,94.4,2.58,1.0078
20200101,25.46,-158.3,23.73,0.22,70.66,3.43,4.1009
20200101,-2.25,171.82,28.53,2.98,80.62,2.73,5.112
20200101,-56.09,60.27,2.36,2.2,86.74,12.34,6.2436
20200101,-56.3,-16.02,0.21,0.46,83.36,5.0,5.4497
20200101,-58.46,146.95,2.25,0.31,93.34,7.49,6.6634
20200101,29.72,-153.24,21.53,0.9,81.9,6.65,3.3881
20200101,34.03,157.63,16.67,20.13,81.02,10.14,1.416
20200101,32.73,86.78,-17.37,0.0,66.57,2.76,3.1402
20200101,36.08,161.24,13.49,14.35,80.41,10.08,0.9526
20200101,49.88,-15.54,11.89,1.09,92.27,10.5,0.6574
20200101,16.82,-29.6,22.99,0.0,78.33,6.02,4.8797
20200101,-4.32,116.77,28.34,7.36,82.22,3.78,2.3777
20200101,37.67,98.18,-13.75,0.0,50.11,2.33,2.939
20200101,10.87,29.25,26.46,0.0,20.98,3.03,5.8949
20200101,29.24,156.16,22.16,5.63,80.43,8.82,1.3553
20200101,57.43,-59.7,-2.0,0.93,82.44,5.06,0.2119
20200101,34.56,-138.34,15.73,0.0,75.69,2.61,3.403
20200101,14.97,-34.64,23.69,0.0,80.94,5.64,5.4415
20200101,14.88,44.54,16.89,0.0,46.79,1.44,5.585
20200101,-54.72,-26.21,1.44,2.88,91.07,3.61,3.8436
20200101,26.66,-179.77,18.84,0.03,72.29,6.05,2.3038
20200101,-35.67,124.75,18.44,0.24,78.8,3.92,8.893
20200101,49.99,63.46,-4.23,0.83,96.42,7.33,0.9595
20200101,-32.39,-11.62,20.88,0.67,83.59,4.63,6.8414
20200101,-51.93,-104.62,6.12,1.33,81.04,7.24,6.9802
20200101,-48.55,121.45,6.97,0.5,82.65,5.06,5.6861
20200101,-31.76,75.3,20.19,3.89,86.86,8.38,6.1769
20200101,22.68,-42.62,22.95,0.52,81.12,4.12,4.2725
20200101,30.61,122.77,9.28,0.07,69.57,3.16,3.3816
20200101,-5.56,-115.54,25.06,0.0,78.58,4.54,7.5658
20200101,-56.29,35.64,1.11,1.07,86.73,6.85,6.3528
20200101,0.93,-76.44,23.59,4.45,92.31,0.09,5.0678
20200101,38.24,-48.14,15.1,1.16,71.08,6.61,2.2476
20200101,52.12,102.57,-16.71,0.0,89.61,1.48,1.0632
20200101,-23.08,75.25,26.11,2.38,83.85,5.66,8.1586
20200101,-18.6,-8.6,22.96,0.0,77.54,6.1,7.8329
20200101,6.53,33.58,27.58,0.26,65.48,1.25,5.9002
20200101,53.87,-26.6,7.71,18.58,92.07,5.22,0.4368
20200101,1.01,50.94,27.8,1.66,85.82,5.14,6.1668
20200101,-49.42,173.87,10.66,2.07,94.11,6.84,5.3309
20200101,26.34,-100.82,11.92,7.6,82.04,2.28,1.0478
20200101,6.64,-15.32,28.33,3.38,71.58,0.82,5.4941
20200101,-28.86,-164.46,21.56,0.08,71.05,6.7,7.8406
20200101,-16.97,94.6,26.32,0.13,79.16,6.34,7.4654
20200101,-10.52,-56.34,24.75,8.58,87.19,0.1,5.4307
20200101,-47.58,-143.01,12.3,0.46,98.27,4.36,5.6282
20200101,28.48,-17.26,19.77,0.0,60.84,3.38,3.9115
20200101,54.72,-71.39,-12.73,1.03,97.9,2.68,0.5858
20200101,-47.86,-110.11,7.97,2.88,82.0,8.49,7.5696
20200101,-17.73,100.61,25.51,0.14,80.68,5.71,6.6602
20200101,18.3,99.14,21.81,0.0,77.79,0.96,4.415
20200101,6.34,-31.09,26.66,0.22,80.85,4.62,4.5437
20200101,13.7,11.27,15.81,0.0,27.58,5.24,5.6016
20200101,42.35,-27.68,15.26,11.89,76.1,11.05,1.7599
20200101,18.25,111.23,23.33,2.28,84.17,8.57,2.9491
20200101,37.95,78.28,-4.29,0.0,33.44,1.93,2.7744
20200101,-35.95,-102.23,14.51,0.39,78.9,6.07,7.325
20200101,13.78,174.57,26.74,2.05,83.6,9.81,3.8645
20200101,-27.43,57.01,23.74,1.23,87.51,8.37,6.1579
20200101,-35.51,-30.2,19.05,4.13,95.89,6.09,3.9708
20200101,53.56,-129.25,0.74,7.53,95.41,0.84,0.3257
20200101,-27.43,22.53,30.27,3.74,28.9,1.87,8.6198
20200101,27.2,24.95,8.89,0.53,48.11,1.64,2.869
20200101,39.66,31.55,-1.62,0.64,93.0,2.36,1.2478
20200101,-45.09,-91.21,10.02,2.16,83.73,5.98,8.9957
20200101,51.83,-33.89,5.53,6.82,82.92,11.37,0.2292
20200101,-11.31,-18.43,24.68,0.0,75.21,6.04,7.6574
20200101,-5.2,82.86,27.96,1.79,79.1,2.65,6.9242
20200101,5.91,-161.09,28.4,2.7,80.01,7.01,3.7414
20200101,-28.81,-3.36,20.16,0.04,68.69,1.62,8.79
20200101,54.41,10.32,3.18,0.06,93.58,5.68,0.4865
20200101,-20.59,19.62,26.7,3.72,57.2,1.89,4.2655
20200101,46.17,4.85,0.07,0.09,95.41,0.91,1.0102
20200101,31.29,-103.53,8.7,0.0,45.78,3.93,1.8893
20200101,-7.37,102.94,27.58,18.59,85.05,2.22,1.0337
20200101,9.36,172.33,28.56,5.79,83.91,7.82,4.8379
20200101,-55.6,49.31,1.6,0.67,84.6,10.66,7.0781
20200101,-4.63,-24.48,27.28,0.06,78.06,6.17,7.1179
20200101,2.15,-54.86,25.09,0.01,65.02,0.0,5.4624
20200101,-14.42,98.33,26.92,0.2,79.04,5.11,7.3073
20200101,-1.83,3.36,27.64,5.46,83.74,2.83,6.425
20200101,-18.01,-102.47,21.9,0.05,75.67,3.35,7.3217
20200101,-46.65,42.88,6.73,0.11,86.58,7.21,4.7707
20200101,11.37,103.15,25.53,0.05,74.43,1.09,5.7898
20200101,31.55,-154.51,20.2,5.45,85.77,7.76,3.1406
20200101,-2.3,-167.13,27.65,0.21,78.02,3.5,5.941
20200101,-15.53,-37.72,26.98,6.32,81.64,6.26,3.4452
20200101,-26.13,165.07,22.57,0.06,75.93,3.97,8.1804
20200101,-16.98,-36.83,26.42,7.18,84.15,6.19,4.5881
20200101,50.95,84.97,-12.96,0.26,95.92,4.9,0.3355
20200101,27.76,-5.16,8.12,0.0,40.0,3.86,4.2259
20200101,23.56,68.23,15.98,0.0,61.8,4.56,3.3727
20200101,-22.75,72.77,26.21,6.34,86.72,6.24,7.6685
20200101,9.05,168.07,28.38,6.67,82.82,8.95,3.6329
20200101,29.12,-160.34,20.52,1.33,82.45,7.98,1.5689
20200101,26.19,-18.06,19.69,0.0,65.38,7.04,3.2263
20200101,36.88,-58.35,20.42,5.45,79.66,9.11,2.7384
20200101,49.95,-63.34,-1.99,8.45,96.64,6.35,0.4409
20200101,43.08,-62.69,6.52,0.44,81.02,9.19,0.9497
20200101,0.47,51.75,27.87,1.51,86.25,4.84,6.4195
20200101,-47.57,-20.66,6.62,1.75,83.82,8.69,3.5683
20200101,-56.29,92.79,2.35,2.2,88.5,8.39,5.676
20200101,-32.93,73.51,19.27,3.48,86.1,8.61,5.8442
20200101,-16.04,-59.19,27.84,18.79,71.76,0.96,5.9011
20200101,23.76,136.86,23.95,1.7,80.54,7.22,3.5635
20200101,-8.75,-21.54,25.67,0.0,76.36,5.66,7.6937
20200101,23.08,130.98,23.32,1.08,78.94,8.14,2.8882
20200101,-34.23,135.85,21.19,0.0,43.41,2.75,9.3262
20200101,48.94,-105.5,-0.94,1.16,97.55,2.79,0.9257
20200101,-41.08,-133.12,14.94,0.92,89.62,5.93,7.519
20200101,-29.97,-57.48,26.82,0.02,64.15,4.36,5.2246
20200101,16.87,-129.61,22.75,0.15,74.24,7.85,3.396
20200101,-37.54,50.24,17.0,1.11,92.47,3.32,7.6291
20200101,-23.68,120.74,35.84,0.81,29.8,4.63,8.6153
20200101,41.9,-0.74,3.96,0.0,68.76,0.78,1.0382
20200101,18.8,111.42,22.87,1.73,84.31,8.03,2.9491
20200101,20.24,144.29,26.61,0.28,74.22,3.9,4.5218
20200101,-13.69,-0.66,23.35,0.03,81.41,6.07,5.6815
20200101,28.13,-81.92,14.48,0.0,63.04,1.37,3.893
20200101,23.34,-43.14,23.09,0.33,77.16,4.69,4.1359
20200101,50.99,-90.42,-15.07,0.15,99.65,0.36,0.8597
20200101,53.24,169.94,-0.24,0.03,67.81,4.44,0.9238
20200101,-9.72,41.23,28.75,0.77,83.29,5.85,7.0373
20200101,-56.9,136.36,3.13,0.97,82.09,7.67,5.7742
20200101,-5.4,30.57,22.02,0.45,76.97,0.93,5.9364
20200101,-56.24,-171.12,7.12,0.54,85.93,6.47,6.0098
20200101,-5.6,65.71,27.99,1.85,79.07,1.76,6.625
20200101,16.98,122.21,25.5,2.97,84.4,8.06,2.7638
20200101,-27.51,-11.26,21.95,0.19,72.18,1.34,6.9552
20200101,26.83,-112.03,16.02,0.1,82.8,3.37,3.8165
20200101,-14.81,173.34,27.17,0.18,76.91,4.76,8.1778
20200101,3.3,101.99,23.86,5.73,88.48,2.16,6.0038
20200101,-2.46,-157.24,27.09,0.0,79.28,4.51,6.8306
20200101,-56.45,-121.2,4.86,2.52,86.72,6.87,5.7982
20200101,4.21,21.86,26.45,0.0,63.04,0.14,5.6525
20200101,58.97,-152.93,-15.39,0.81,100.0,11.09,0.2453
20200101,32.41,37.15,6.42,0.0,76.55,1.69,3.1474
20200101,-20.45,-62.74,28.84,11.05,65.97,1.1,6.7625
20200101,-9.14,-19.24,25.78,0.0,73.19,5.65,7.7546
20200101,-18.31,126.51,31.06,17.08,62.76,2.43,4.7076
20200101,6.84,91.36,28.42,0.13,81.03,6.54,4.4278
20200101,1.92,-103.11,25.25,1.35,84.98,4.91,5.5661
20200101,16.01,-136.26,23.83,5.33,76.49,7.67,3.2626
20200101,-53.56,5.89,1.55,1.46,96.33,6.44,4.3154
20200101,-13.89,77.99,28.06,1.02,81.57,4.66,7.5262
20200101,9.38,131.35,28.47,0.94,79.31,8.66,5.1605
20200101,-13.94,3.97,23.52,0.07,79.49,6.07,4.6013
20200101,47.67,50.03,0.14,0.21,94.14,5.0,0.6158
20200101,13.67,13.04,17.65,0.0,24.8,5.66,5.1118
20200101,55.32,-114.72,-7.88,0.6,99.8,0.51,0.689
20200101,-37.82,-155.57,19.16,8.3,81.36,8.22,6.1279
20200101,-20.07,-2.0,21.76,0.02,77.6,5.75,7.9147
20200101,35.57,46.47,1.14,0.0,89.57,1.89,2.2469
20200101,51.74,-45.25,5.62,0.31,71.96,5.86,0.4925
20200101,45.35,-116.91,0.71,7.46,95.39,3.01,0.9938
20200101,-58.33,174.27,6.55,0.65,92.42,6.49,5.1742
20200101,-17.66,-69.71,9.99,0.46,64.71,2.23,4.4198
20200101,28.22,159.01,20.57,0.03,74.36,7.02,3.515
20200101,-7.26,110.19,23.26,32.7,91.89,2.12,4.0104
20200101,24.92,93.86,14.26,1.65,78.56,0.62,2.351
20200101,49.89,-151.67,3.16,0.38,70.27,8.88,0.8719
20200101,3.8,52.23,27.74,3.42,83.12,5.95,5.6112
20200101,-56.5,-87.22,6.7,1.52,81.95,12.56,6.6276
20200101,54.57,109.9,-26.77,0.19,98.27,0.97,0.5189
20200101,-22.95,-102.6,21.12,0.03,78.5,2.12,6.8986
20200101,-8.01,141.91,30.11,26.52,68.24,0.19,5.6345
20200101,-54.79,-122.35,5.65,0.45,85.96,6.38,6.7205
20200101,-40.82,176.63,17.23,0.01,83.2,5.66,8.1737
20200101,7.51,59.91,28.1,4.43,80.79,6.65,5.5404
20200101,-12.18,99.94,27.44,0.46,80.22,3.76,6.8525
20200101,52.04,113.89,-24.54,0.01,96.78,1.98,1.1522
20200101,7.1,55.67,27.81,0.61,76.48,6.16,5.9225
20200101,25.25,-110.81,18.37,0.26,74.18,2.63,3.5086
20200101,56.53,-119.72,-11.1,1.31,99.75,0.76,0.5525
20200101,46.58,32.32,1.19,0.32,86.12,4.7,0.9019
20200101,12.43,-179.68,27.82,0.27,73.92,8.9,5.197
20200101,27.14,142.02,21.26,5.46,79.23,6.78,3.1774
20200101,-12.24,-99.83,22.2,0.05,78.87,4.01,7.0385
20200101,-48.51,-125.91,8.42,1.08,84.57,6.76,5.6873
20200101,50.64,-151.07,2.99,0.61,70.28,9.5,0.93
20200101,40.17,52.95,6.23,0.01,80.6,2.86,1.5494
20200101,-16.28,-68.93,7.74,9.77,77.26,2.76,4.6584
20200101,-54.26,61.63,2.95,3.1,89.59,11.6,6.587
20200101,-42.59,-170.1,15.02,0.34,81.47,9.62,5.3369
20200101,-24.34,19.23,30.12,14.38,40.55,2.36,5.8913
20200101,-25.69,101.52,22.13,0.05,77.53,5.24,7.3898
20200101,-33.33,-143.99,20.69,25.06,94.3,10.21,2.0774
20200101,14.6,105.75,25.19,0.0,74.99,0.74,5.3976
20200101,-59.71,92.1,1.36,1.34,86.86,8.19,4.3517
20200101,11.45,-165.5,27.18,0.15,74.42,7.03,5.9064
20200101,-18.15,-166.78,26.5,0.66,79.34,6.69,7.9231
20200101,36.86,37.59,5.13,0.24,79.45,1.71,2.6592
20200101,-16.76,113.35,28.08,5.93,83.79,2.43,7.1568
20200101,45.86,-36.17,11.26,3.79,78.09,11.72,1.1642
20200101,24.84,-67.33,24.95,0.14,73.27,2.63,4.3536
20200101,-45.5,-166.83,14.32,2.86,89.2,9.6,4.9109
20200101,36.31,-96.39,4.7,0.0,74.01,5.3,3.192
20200101,37.51,33.55,-0.9,0.19,89.82,1.02,1.2821
20200101,-1.32,-82.01,23.37,0.17,90.94,4.21,6.6468
20200101,43.3,108.99,-14.3,0.0,72.8,2.94,1.9685
20200101,-28.43,79.13,21.98,1.42,84.11,6.17,8.3424
20200101,-16.54,128.47,32.04,1.77,58.33,2.27,7.253
20200101,-41.12,175.55,16.19,0.06,76.52,5.18,8.239
20200101,-5.84,-65.05,25.74,4.3,94.39,0.02,2.8238
20200101,-16.26,-102.28,21.59,0.04,76.93,3.27,6.457
20200101,-33.31,-33.19,21.17,6.62,96.16,4.5,3.72
20200101,12.5,-43.78,25.47,0.02,72.75,6.17,5.6047
20200101,4.31,172.45,29.44,4.59,80.47,5.33,3.3401
20200101,58.46,-102.78,-12.59,0.44,98.27,0.59,0.2753
20200101,18.08,-152.44,24.89,0.08,71.59,6.1,4.997
20200101,38.24,-70.42,12.73,0.05,73.75,9.8,0.9847
20200101,-54.52,156.84,6.62,0.64,92.79,8.18,8.7646
20200101,-43.5,-83.06,14.44,0.75,96.62,7.34,7.679
20200101,9.83,139.76,28.11,1.18,78.35,8.11,4.6608
20200101,-57.5,-60.78,6.11,4.32,97.17,7.13,4.2461
20200101,26.95,95.82,13.34,0.01,76.38,0.51,2.0743
20200101,-54.41,-36.53,2.39,3.69,90.88,8.78,3.5657
20200101,-28.36,-109.46,20.82,1.13,79.07,6.45,6.6638
20200101,20.19,-29.21,22.16,0.0,76.79,6.32,4.6562
20200101,58.11,146.46,-1.26,14.79,83.92,14.65,0.079
20200101,-49.59,165.37,10.92,0.97,90.9,5.06,8.8032
20200101,43.04,-77.43,-1.75,0.28,83.23,1.77,0.8983
20200101,38.95,21.84,0.15,0.04,76.96,2.38,2.79
20200101,52.41,-101.58,-8.51,1.02,99.47,0.75,0.4308
20200101,38.73,-156.33,13.58,27.74,89.68,11.03,1.3188
20200101,-38.39,129.45,16.93,0.35,82.7,6.72,7.6001
20200101,-45.3,27.95,9.19,1.18,91.56,7.16,6.0859
20200101,47.61,-134.01,8.41,1.99,73.11,8.75,0.9658
20200101,-37.53,-159.15,18.96,6.6,77.24,8.45,5.8289
20200101,23.46,73.4,16.53,0.0,70.68,3.21,3.4829
20200101,35.05,76.88,-22.63,0.0,88.19,1.27,1.3634
20200101,28.47,-45.32,21.77,0.01,76.7,3.16,3.8518
20200101,-57.0,-55.71,4.6,2.68,97.79,6.13,5.5586
20200101,-5.32,120.05,26.59,22.7,84.65,4.34,1.8461
20200101,58.92,-78.04,-15.64,0.64,95.82,3.51,0.2292
20200101,-50.28,37.05,4.56,4.15,95.37,9.24,3.7262
20200101,44.45,81.11,-9.2,0.31,89.5,0.83,1.7316
20200101,49.38,77.86,-11.86,0.16,91.68,6.57,0.9242
20200101,3.0,48.11,27.02,0.01,84.24,6.58,5.8932
20200101,23.25,-168.7,22.34,0.61,77.19,7.58,3.7478
20200101,-49.99,-65.43,12.33,0.01,91.08,6.19,9.0024
20200101,28.51,76.13,9.75,0.0,52.59,1.45,2.7636
20200101,-27.32,166.78,21.9,0.11,74.3,2.87,8.2805
20200101,54.98,101.0,-15.65,0.26,99.94,0.85,0.8621
20200101,9.37,45.42,22.4,0.67,74.49,3.2,6.0641
20200101,-13.04,-77.84,22.5,0.0,86.9,3.9,7.0781
20200101,-19.15,33.09,25.91,4.77,76.97,2.54,6.1898
20200101,36.07,61.44,5.03,1.23,76.91,1.05,2.0508
20200101,-57.94,42.81,0.76,0.96,84.79,9.25,6.3646
20200101,54.98,92.41,-10.75,0.92,99.48,1.47,0.4164
20200101,-12.21,118.19,29.48,2.08,77.62,2.27,6.355
20200101,36.64,-86.99,3.23,0.39,84.64,1.76,2.893
20200101,-25.87,-100.0,21.62,0.02,80.17,3.35,8.6842
20200101,-5.19,105.23,25.66,12.28,89.74,1.18,3.8674
20200101,29.02,38.76,9.26,0.0,43.77,2.37,3.2897
20200101,-57.32,-12.73,0.04,0.46,85.35,5.24,5.1674
20200101,32.92,72.04,8.43,0.0,49.52,1.0,1.8521
20200101,-55.88,115.35,2.2,0.99,81.6,7.17,5.2512
20200101,-53.47,33.18,2.64,1.14,93.58,7.65,5.5145
20200101,9.98,109.73,26.76,0.6,84.33,9.53,4.7484
20200101,-34.28,70.59,18.05,2.63,86.41,8.47,5.1463
20200101,16.71,-102.14,27.48,0.07,76.24,3.11,5.3738
20200101,23.73,-135.99,20.89,0.36,72.3,7.42,3.509
20200101,-27.44,3.22,20.08,0.23,74.0,4.58,6.6113
20200101,16.65,99.81,28.21,0.0,51.26,2.67,3.9142
20200101,-13.97,-163.41,28.49,10.98,84.73,9.67,6.2998
20200101,-46.17,113.41,8.77,1.09,84.78,7.56,6.301
20200101,-51.68,139.32,5.9,3.93,91.53,5.09,4.3594
20200101,-25.95,99.58,21.86,0.02,77.92,4.94,6.9017
20200101,-44.88,-120.28,9.36,0.91,80.97,7.39,4.5734
20200101,-15.58,82.68,27.74,2.17,80.31,5.05,7.1297
20200101,21.9,-133.32,20.88,0.14,73.44,7.09,3.5774
20200101,31.61,62.23,9.64,0.0,42.38,2.78,3.5201
20200101,46.24,169.54,2.87,0.32,78.09,6.85,1.4388
20200101,-19.81,98.15,24.72,0.09,79.25,6.95,5.4487
20200101,-51.78,36.31,3.31,2.21,95.5,8.34,4.2487
20200101,-53.92,-59.59,8.08,0.45,95.13,5.68,7.1753
20200101,25.06,60.48,22.48,2.72,69.89,2.42,3.6185
20200101,13.51,-145.48,25.44,8.31,82.36,7.44,1.8682
20200101,-4.81,89.69,28.59,1.23,76.98,2.85,6.6362
20200101,55.96,-3.03,4.62,0.13,94.72,5.18,0.3715
20200101,48.69,167.26,2.02,0.75,80.03,8.2,1.0351
20200101,51.45,19.82,-0.3,0.34,95.53,3.66,0.4704
20200101,15.56,104.1,26.92,0.0,63.54,4.22,4.476
20200101,-42.07,120.91,13.03,0.78,79.79,8.29,7.0992
20200101,-17.96,-30.82,25.47,0.95,82.01,5.88,5.8298
20200101,-39.15,110.61,13.77,0.75,76.33,7.15,7.0795
20200101,-7.31,141.78,27.74,24.07,81.18,0.09,3.8402
20200101,50.48,-16.08,11.82,1.75,92.59,10.9,0.5059
20200101,-10.77,-92.85,21.92,0.13,73.98,2.88,5.8438
20200101,38.37,63.51,6.2,0.0,61.79,1.04,2.1079
20200101,24.78,-139.26,21.0,0.9,72.86,7.77,2.6402
20200101,14.25,-173.01,27.38,0.62,73.79,8.18,5.4982
20200101,0.38,-157.45,26.66,0.0,78.37,4.69,6.8784
20200101,-38.58,-2.01,15.38,0.51,90.07,6.71,7.0104
20200101,56.99,-43.11,0.98,0.01,75.64,10.54,0.4632
20200101,37.38,74.01,-19.59,0.02,76.48,4.38,1.5574
20200101,50.73,-170.71,1.53,1.83,72.69,8.71,0.8182
20200101,33.79,131.89,5.59,0.0,76.55,2.99,3.2904
20200101,13.1,-137.34,25.32,21.58,81.43,7.84,2.0798
20200101,-33.65,177.58,18.99,0.14,79.18,3.44,8.7737
20200101,-50.68,-121.9,7.21,1.79,82.65,7.61,5.3491
20200101,3.52,5.84,28.84,0.6,77.04,3.25,5.0038
20200101,-27.92,45.16,24.66,3.29,81.64,5.98,8.321
20200101,41.36,-103.28,1.59,0.09,60.94,5.16,0.8899
20200101,47.79,25.01,-4.82,1.0,94.88,2.41,1.0843
20200101,-56.96,-21.14,-0.18,1.2,86.17,2.64,5.0635
20200101,-34.82,-130.03,17.69,4.01,91.72,5.39,5.5301
20200101,-16.63,83.06,27.3,3.32,83.39,5.53,7.2905
20200101,45.96,-9.48,12.09,0.15,83.9,4.69,1.0073
20200101,-26.59,-35.72,24.26,0.65,86.53,5.96,8.5423
20200101,30.48,-159.31,19.56,3.28,83.5,8.19,1.4234
20200101,12.77,-73.88,27.22,0.04,80.91,7.26,5.7358
20200101,39.14,-133.96,14.43,0.26,97.23,5.29,1.4174
20200101,-33.25,-47.79,22.83,12.36,95.42,6.8,5.3494
20200101,-0.02,36.41,16.26,0.15,79.54,2.22,7.0711
20200101,-2.03,-43.89,27.37,4.0,80.7,4.82,3.8064
20200101,-46.17,-136.12,12.6,0.11,97.62,4.22,5.1756
20200101,58.97,-16.35,9.85,25.04,93.21,11.26,0.1049
20200101,-31.36,-170.42,20.66,0.17,73.11,8.05,6.3492
20200101,47.82,130.86,-24.62,0.0,93.64,1.8,1.8149
20200101,-53.42,-64.65,9.64,0.01,92.01,5.29,9.0595
20200101,-10.68,47.4,28.22,5.1,82.47,3.21,6.8292
20200101,-44.72,59.18,11.43,6.17,93.67,6.72,3.901
20200101,-17.71,-121.63,24.87,0.17,82.92,4.46,7.5252
20200101,40.41,-94.67,1.46,0.0,85.15,4.24,2.5363
20200101,51.89,-120.55,-0.93,13.65,99.37,0.4,0.7469
20200101,-18.44,-121.09,24.88,0.32,82.14,4.2,7.2386
20200101,49.97,-133.69,7.36,0.39,68.39,9.04,0.9948
20200101,-20.34,113.94,27.15,0.0,78.15,4.45,7.8943
20200101,-41.72,27.51,14.09,0.34,82.27,5.58,7.9747
20200101,48.23,-110.45,3.48,1.93,78.11,5.05,0.5227
20200101,15.8,54.79,25.0,0.17,79.03,2.51,5.1456
20200101,-57.59,-123.14,4.57,2.39,88.24,6.8,3.7694
20200101,51.02,-134.25,6.74,0.25,66.71,9.59,0.7397
20200101,-32.72,65.15,20.54,29.19,91.27,10.25,1.7232
20200101,39.33,96.03,-14.14,0.0,44.51,2.4,1.8286
20200101,-57.15,-43.13,1.97,2.36,93.93,8.77,3.9778
20200101,-56.33,-151.89,6.81,7.8,98.55,7.68,3.8719
20200101,-27.41,0.23,20.42,0.25,74.38,3.96,6.7433
20200101,-7.83,32.51,24.67,0.86,70.2,1.71,5.7809
20200101,53.96,-164.07,-1.12,2.33,75.47,9.67,0.4951
20200101,5.9,40.1,23.83,0.44,56.91,1.88,6.2407
20200101,26.43,0.51,9.19,0.0,41.44,4.46,4.1532
20200101,37.96,86.43,-3.46,0.0,20.84,2.49,1.5794
20200101,-15.25,69.13,27.56,3.32,84.75,5.7,7.8154
20200101,6.99,66.85,27.66,0.86,85.26,4.09,5.077
20200101,-19.39,169.19,25.86,0.03,70.72,4.41,8.2123
20200101,4.19,60.33,27.94,1.76,85.9,4.51,4.8955
20200101,-35.52,48.99,18.25,0.65,90.02,1.92,8.2334
20200101,-15.14,-130.6,26.75,0.14,72.91,4.54,7.944
20200101,-37.09,109.68,15.33,0.89,77.48,6.45,6.8004
20200101,-25.35,-78.67,18.28,0.06,78.26,4.19,4.8919
20200101,36.94,-121.18,9.31,0.01,90.99,1.51,2.4888
20200101,-33.43,27.68,21.62,1.47,80.06,6.79,6.4764
20200101,-39.87,-141.56,17.34,4.74,95.69,8.12,3.6065
20200101,53.73,-104.42,-7.84,0.44,99.18,0.79,0.3624
20200101,-53.06,76.59,3.28,1.8,96.7,9.28,5.0362
20200101,17.55,-86.46,27.02,0.22,77.62,4.56,5.1238
20200101,24.02,-150.01,23.46,0.54,76.78,6.61,3.8899
20200101,-18.8,-118.68,24.59,0.35,80.47,3.66,7.4098
20200101,-23.55,-173.83,23.82,0.03,72.08,6.04,7.6769
20200101,-44.45,92.15,7.62,0.74,81.26,8.35,7.6282
20200101,-50.66,-115.56,6.86,1.02,80.8,9.11,5.5778
20200101,-16.54,72.52,27.59,1.07,84.71,5.22,7.6236
20200101,-13.36,91.75,26.98,0.27,82.66,5.72,7.0889
20200101,-47.47,-53.14,11.18,0.0,73.17,4.16,9.4188
20200101,-16.4,53.06,27.74,0.13,74.82,2.65,7.6483
20200101,20.24,177.29,23.78,0.04,70.44,7.48,4.6543
20200101,-8.75,-128.3,26.16,0.01,76.68,5.13,7.709
