datetime,city,latitude,longitude,temperature,temp_min,temp_max,humidity,pressure,wind_speed,wind_deg,precipitation,description
2023-12-12,dubai,25.0742823,55.1885387,24.1,19.3,28.2,,1014.3,8.7,,0.0,
2023-12-13,dubai,25.0742823,55.1885387,24.1,19.6,28.8,,1013.6,9.6,,0.0,
2023-12-14,dubai,25.0742823,55.1885387,24.1,18.7,28.5,,1014.7,13.7,,0.0,
2023-12-15,dubai,25.0742823,55.1885387,24.2,24.0,26.4,,1016.8,20.9,,0.0,
2023-12-16,dubai,25.0742823,55.1885387,22.9,18.4,27.3,,1019.2,10.8,,0.0,
2023-12-17,dubai,25.0742823,55.1885387,23.5,19.6,28.7,,1020.0,13.1,,0.0,
2023-12-18,dubai,25.0742823,55.1885387,23.3,17.2,29.9,,1018.8,10.1,,0.0,
2023-12-19,dubai,25.0742823,55.1885387,23.3,18.0,28.0,,1018.7,8.9,,0.0,
2023-12-20,dubai,25.0742823,55.1885387,23.8,19.8,28.0,,1018.8,9.7,,0.0,
2023-12-21,dubai,25.0742823,55.1885387,23.2,18.9,26.3,,1017.9,11.4,,0.0,
2023-12-22,dubai,25.0742823,55.1885387,22.4,18.8,26.6,,1016.9,11.3,,0.0,
2023-12-23,dubai,25.0742823,55.1885387,22.3,17.8,26.7,,1016.6,9.8,,0.0,
2023-12-24,dubai,25.0742823,55.1885387,23.6,18.8,28.5,,1018.6,9.0,,0.0,
2023-12-25,dubai,25.0742823,55.1885387,24.5,20.6,29.4,,1019.1,9.6,,0.0,
2023-12-26,dubai,25.0742823,55.1885387,25.1,20.9,29.0,,1019.0,11.5,,0.0,
2023-12-27,dubai,25.0742823,55.1885387,24.2,20.0,28.9,,1018.5,9.8,,0.0,
2023-12-28,dubai,25.0742823,55.1885387,23.1,18.0,27.4,,1017.1,9.5,,0.0,
2023-12-29,dubai,25.0742823,55.1885387,23.9,19.3,28.8,,1016.6,8.9,,0.0,
2023-12-30,dubai,25.0742823,55.1885387,24.3,20.4,29.6,,1016.9,9.5,,0.0,
2023-12-31,dubai,25.0742823,55.1885387,24.4,20.4,27.0,,1016.7,9.9,,0.0,
2024-01-01,dubai,25.0742823,55.1885387,24.6,20.8,27.7,,1017.3,13.4,,0.0,
2024-01-02,dubai,25.0742823,55.1885387,23.5,20.7,27.2,,1017.0,14.3,,0.0,
2024-01-03,dubai,25.0742823,55.1885387,22.9,18.8,28.0,,1015.0,13.5,,0.0,
2024-01-04,dubai,25.0742823,55.1885387,23.5,22.0,25.4,,1015.6,24.4,,0.0,
2024-01-05,dubai,25.0742823,55.1885387,22.2,18.0,25.5,,1016.2,12.9,,0.0,
2024-01-06,dubai,25.0742823,55.1885387,21.9,17.4,25.8,,1016.9,12.0,,0.0,
2024-01-07,dubai,25.0742823,55.1885387,21.6,17.7,25.3,,1017.7,11.6,,0.0,
2024-01-08,dubai,25.0742823,55.1885387,22.8,16.8,27.7,,1020.1,11.1,,0.0,
2024-01-09,dubai,25.0742823,55.1885387,22.5,18.3,26.5,,1020.4,10.8,,0.0,
2024-01-10,dubai,25.0742823,55.1885387,21.7,17.6,25.9,,1019.6,9.9,,0.0,
2024-01-11,dubai,25.0742823,55.1885387,20.7,16.0,24.9,,1017.9,9.2,,0.0,
2024-01-12,dubai,25.0742823,55.1885387,21.1,15.3,26.2,,1016.5,10.2,,0.0,
2024-01-13,dubai,25.0742823,55.1885387,22.2,16.5,27.5,,1016.8,9.0,,0.0,
2024-01-14,dubai,25.0742823,55.1885387,22.8,17.6,28.6,,1016.8,8.6,,0.0,
2024-01-15,dubai,25.0742823,55.1885387,23.6,18.1,29.8,,1017.2,9.6,,0.0,
2024-01-16,dubai,25.0742823,55.1885387,23.4,17.9,28.0,,1015.8,12.5,,0.0,
2024-01-17,dubai,25.0742823,55.1885387,23.7,20.5,26.7,,1014.1,22.5,,0.0,
2024-01-18,dubai,25.0742823,55.1885387,22.3,19.5,26.3,,1014.9,12.5,,0.0,
2024-01-19,dubai,25.0742823,55.1885387,21.8,18.7,25.5,,1016.6,13.2,,0.0,
2024-01-20,dubai,25.0742823,55.1885387,22.1,17.0,26.2,,1018.9,11.1,,0.0,
2024-01-21,dubai,25.0742823,55.1885387,21.6,18.0,25.8,,1018.2,10.7,,0.0,
2024-01-22,dubai,25.0742823,55.1885387,22.2,17.0,26.5,,1019.2,12.0,,0.0,
2024-01-23,dubai,25.0742823,55.1885387,22.6,18.0,27.6,,1019.4,10.0,,0.0,
2024-01-24,dubai,25.0742823,55.1885387,21.6,17.5,27.3,,1017.7,10.0,,0.0,
2024-01-25,dubai,25.0742823,55.1885387,22.4,16.3,28.4,,1016.5,10.1,,0.0,
2024-01-26,dubai,25.0742823,55.1885387,23.9,19.0,30.4,,1015.1,9.0,,0.0,
2024-01-27,dubai,25.0742823,55.1885387,24.8,20.3,30.0,,1015.3,15.2,,0.0,
2024-01-28,dubai,25.0742823,55.1885387,23.3,22.2,26.1,,1016.2,13.8,,0.0,
2024-01-29,dubai,25.0742823,55.1885387,21.7,17.6,24.7,,1017.4,14.1,,0.0,
2024-01-30,dubai,25.0742823,55.1885387,23.3,18.3,27.4,,1017.0,8.1,,0.0,
2024-01-31,dubai,25.0742823,55.1885387,25.1,20.7,29.3,,1015.5,8.7,,0.0,
2024-02-01,dubai,25.0742823,55.1885387,23.9,20.0,28.3,,1012.4,17.3,,2.0,
2024-02-02,dubai,25.0742823,55.1885387,23.6,21.0,28.2,,1012.6,23.1,,3.8,
2024-02-03,dubai,25.0742823,55.1885387,20.8,19.6,22.2,,1017.5,24.2,,0.0,
2024-02-04,dubai,25.0742823,55.1885387,20.7,19.9,22.5,,1019.2,22.4,,0.0,
2024-02-05,dubai,25.0742823,55.1885387,20.5,15.8,24.0,,1019.1,18.1,,0.0,
2024-02-06,dubai,25.0742823,55.1885387,21.7,17.5,24.8,,1019.2,22.3,,0.0,
2024-02-07,dubai,25.0742823,55.1885387,20.3,16.1,24.3,,1020.8,14.8,,0.0,
2024-02-08,dubai,25.0742823,55.1885387,20.5,15.9,24.9,,1021.3,14.9,,0.0,
2024-02-09,dubai,25.0742823,55.1885387,20.6,17.4,24.0,,1019.6,11.9,,0.0,
2024-02-10,dubai,25.0742823,55.1885387,20.6,15.8,24.4,,1019.2,10.4,,0.0,
2024-02-11,dubai,25.0742823,55.1885387,19.3,17.7,21.6,,1019.0,11.2,,0.0,
2024-02-12,dubai,25.0742823,55.1885387,20.1,17.8,25.0,,1016.2,20.1,,36.7,
2024-02-13,dubai,25.0742823,55.1885387,22.2,18.4,26.0,,1017.3,13.8,,37.1,
2024-02-14,dubai,25.0742823,55.1885387,23.8,19.9,27.8,,1017.6,16.6,,0.0,
2024-02-15,dubai,25.0742823,55.1885387,24.7,20.3,29.8,,1017.8,11.9,,0.0,
2024-02-16,dubai,25.0742823,55.1885387,25.3,21.4,31.0,,1017.1,13.0,,0.0,
2024-02-17,dubai,25.0742823,55.1885387,26.3,22.4,31.8,,1015.0,13.4,,0.0,
2024-02-18,dubai,25.0742823,55.1885387,23.3,21.0,27.1,,1012.7,18.7,,0.0,
2024-02-19,dubai,25.0742823,55.1885387,21.6,20.0,24.7,,1013.5,21.2,,0.0,
2024-02-20,dubai,25.0742823,55.1885387,21.7,16.9,25.2,,1015.0,14.4,,0.0,
2024-02-21,dubai,25.0742823,55.1885387,22.7,21.0,25.0,,1016.2,18.4,,0.0,
2024-02-22,dubai,25.0742823,55.1885387,21.3,16.8,26.7,,1017.3,12.7,,0.0,
2024-02-23,dubai,25.0742823,55.1885387,21.6,16.8,26.5,,1017.2,10.3,,0.0,
2024-02-24,dubai,25.0742823,55.1885387,22.7,17.8,27.7,,1015.1,9.4,,0.0,
2024-02-25,dubai,25.0742823,55.1885387,25.0,20.5,28.5,,1009.2,12.3,,1.1,
2024-02-26,dubai,25.0742823,55.1885387,22.5,21.0,24.6,,1009.5,20.6,,0.0,
2024-02-27,dubai,25.0742823,55.1885387,21.7,18.0,24.9,,1014.0,13.9,,0.0,
2024-02-28,dubai,25.0742823,55.1885387,22.7,17.7,27.2,,1013.2,10.5,,0.0,
2024-02-29,dubai,25.0742823,55.1885387,22.5,20.0,25.0,,1012.6,22.4,,0.0,
2024-03-01,dubai,25.0742823,55.1885387,20.6,19.0,23.8,,1015.6,19.0,,0.0,
2024-03-02,dubai,25.0742823,55.1885387,19.8,16.2,24.0,,1017.8,12.7,,0.0,
2024-03-03,dubai,25.0742823,55.1885387,20.2,15.0,25.6,,1015.8,11.4,,0.0,
2024-03-04,dubai,25.0742823,55.1885387,22.3,17.0,28.6,,1013.6,15.4,,0.0,
2024-03-05,dubai,25.0742823,55.1885387,22.9,20.7,26.0,,1013.2,14.8,,3.1,
2024-03-06,dubai,25.0742823,55.1885387,22.8,20.0,25.9,,1014.9,12.2,,0.8,
2024-03-07,dubai,25.0742823,55.1885387,22.8,19.3,26.6,,1014.7,9.5,,0.0,
2024-03-08,dubai,25.0742823,55.1885387,25.9,20.9,32.6,,1013.4,13.7,,0.0,
2024-03-09,dubai,25.0742823,55.1885387,20.6,18.0,25.0,,1012.9,17.2,,19.5,
2024-03-10,dubai,25.0742823,55.1885387,22.3,18.0,26.9,,1014.9,9.1,,55.9,
2024-03-11,dubai,25.0742823,55.1885387,24.0,18.7,31.1,,1016.9,9.7,,0.0,
2024-03-12,dubai,25.0742823,55.1885387,23.8,22.0,26.4,,1016.7,17.7,,0.0,
2024-03-13,dubai,25.0742823,55.1885387,23.9,18.4,30.2,,1018.0,12.3,,0.0,
2024-03-14,dubai,25.0742823,55.1885387,25.6,20.4,32.8,,1017.4,11.8,,0.0,
2024-03-15,dubai,25.0742823,55.1885387,25.6,21.0,32.1,,1015.9,11.5,,0.0,
2024-03-16,dubai,25.0742823,55.1885387,27.5,21.8,33.0,,1014.1,11.6,,0.0,
2024-03-17,dubai,25.0742823,55.1885387,29.1,24.7,35.1,,1013.5,13.7,,0.0,
2024-03-18,dubai,25.0742823,55.1885387,27.3,24.5,34.0,,1013.3,12.3,,0.0,
2024-03-19,dubai,25.0742823,55.1885387,28.3,23.4,34.1,,1012.5,10.8,,0.0,
2024-03-20,dubai,25.0742823,55.1885387,29.2,26.0,33.0,,1012.1,14.3,,0.0,
2024-03-21,dubai,25.0742823,55.1885387,25.6,23.0,29.4,,1013.0,13.5,,0.0,
2024-03-22,dubai,25.0742823,55.1885387,25.1,20.3,28.5,,1010.3,10.0,,0.0,
2024-03-23,dubai,25.0742823,55.1885387,27.7,24.3,33.8,,1009.9,11.4,,0.0,
2024-03-24,dubai,25.0742823,55.1885387,29.7,25.4,35.0,,1010.1,15.0,,1.5,
2024-03-25,dubai,25.0742823,55.1885387,30.0,28.0,33.0,,1010.9,16.5,,0.0,
2024-03-26,dubai,25.0742823,55.1885387,24.8,22.0,27.2,,1014.3,21.6,,0.0,
2024-03-27,dubai,25.0742823,55.1885387,22.9,20.8,25.0,,1017.1,21.4,,0.0,
2024-03-28,dubai,25.0742823,55.1885387,23.0,19.0,26.0,,1014.7,20.0,,0.0,
2024-03-29,dubai,25.0742823,55.1885387,24.3,23.0,26.0,,1011.8,19.6,,0.0,
2024-03-30,dubai,25.0742823,55.1885387,23.9,20.0,28.0,,1013.6,12.2,,0.0,
2024-03-31,dubai,25.0742823,55.1885387,25.0,24.0,29.0,,1015.7,12.0,,0.0,
2024-04-01,dubai,25.0742823,55.1885387,23.9,19.0,28.0,,1013.9,11.2,,0.0,
2024-04-02,dubai,25.0742823,55.1885387,24.5,20.5,28.0,,1011.3,13.6,,0.0,
2024-04-03,dubai,25.0742823,55.1885387,26.1,21.5,31.1,,1010.9,11.8,,0.0,
2024-04-04,dubai,25.0742823,55.1885387,25.6,21.0,30.4,,1012.1,12.8,,0.0,
2024-04-05,dubai,25.0742823,55.1885387,24.6,18.0,29.8,,1012.8,11.9,,0.0,
2024-04-06,dubai,25.0742823,55.1885387,25.6,20.4,30.5,,1011.6,12.7,,0.0,
2024-04-07,dubai,25.0742823,55.1885387,27.3,20.7,33.8,,1009.7,11.8,,0.0,
2024-04-08,dubai,25.0742823,55.1885387,30.2,23.9,35.7,,1009.6,10.1,,0.0,
2024-04-09,dubai,25.0742823,55.1885387,29.3,26.9,32.2,,1010.4,11.0,,0.0,
2024-04-10,dubai,25.0742823,55.1885387,29.9,26.0,34.6,,1009.7,12.2,,0.0,
2024-04-11,dubai,25.0742823,55.1885387,29.4,24.6,34.9,,1008.0,12.2,,0.0,
2024-04-12,dubai,25.0742823,55.1885387,30.1,27.5,34.6,,1006.8,12.9,,0.8,
2024-04-13,dubai,25.0742823,55.1885387,28.6,26.0,33.8,,1006.8,13.5,,0.0,
2024-04-14,dubai,25.0742823,55.1885387,27.9,24.8,31.2,,1008.2,14.5,,0.0,
2024-04-15,dubai,25.0742823,55.1885387,27.8,24.0,34.2,,1009.5,13.0,,0.0,
2024-04-16,dubai,25.0742823,55.1885387,22.1,19.5,27.0,,1006.6,22.8,,97.0,
2024-04-17,dubai,25.0742823,55.1885387,24.7,20.8,28.0,,1007.8,15.2,,142.0,
2024-04-18,dubai,25.0742823,55.1885387,26.4,20.9,31.6,,1009.7,13.5,,0.0,
2024-04-19,dubai,25.0742823,55.1885387,27.1,22.9,31.8,,1008.5,11.7,,0.0,
2024-04-20,dubai,25.0742823,55.1885387,27.2,23.4,31.4,,1008.1,13.1,,0.0,
2024-04-21,dubai,25.0742823,55.1885387,28.8,23.5,34.7,,1008.2,12.4,,0.0,
2024-04-22,dubai,25.0742823,55.1885387,30.9,25.0,37.2,,1008.6,11.0,,0.0,
2024-04-23,dubai,25.0742823,55.1885387,31.6,27.8,39.7,,1005.7,18.4,,0.0,
2024-04-24,dubai,25.0742823,55.1885387,27.9,23.7,32.6,,1005.4,15.8,,0.0,
2024-04-25,dubai,25.0742823,55.1885387,29.4,24.5,34.3,,1005.6,11.9,,0.0,
2024-04-26,dubai,25.0742823,55.1885387,30.6,26.8,34.6,,1005.9,15.3,,0.0,
2024-04-27,dubai,25.0742823,55.1885387,31.0,25.5,35.4,,1006.8,13.5,,0.0,
2024-04-28,dubai,25.0742823,55.1885387,32.3,27.0,37.4,,1008.5,16.5,,0.0,
2024-04-29,dubai,25.0742823,55.1885387,33.3,29.0,38.3,,1009.3,16.1,,0.0,
2024-04-30,dubai,25.0742823,55.1885387,33.3,29.0,38.3,,1009.2,14.5,,0.0,
2024-05-01,dubai,25.0742823,55.1885387,33.5,30.0,39.0,,1006.1,17.7,,0.0,
2024-05-02,dubai,25.0742823,55.1885387,25.8,21.5,29.6,,1007.2,19.8,,1.3,
2024-05-03,dubai,25.0742823,55.1885387,28.3,24.0,32.3,,1008.0,12.2,,18.5,
2024-05-04,dubai,25.0742823,55.1885387,32.6,26.0,37.8,,1007.9,10.3,,0.0,
2024-05-05,dubai,25.0742823,55.1885387,32.9,29.8,37.9,,1007.4,11.0,,0.0,
2024-05-06,dubai,25.0742823,55.1885387,32.3,28.0,38.4,,1007.2,11.7,,0.0,
2024-05-07,dubai,25.0742823,55.1885387,33.5,29.6,39.0,,1006.9,13.7,,0.0,
2024-05-08,dubai,25.0742823,55.1885387,33.9,31.0,39.0,,1006.8,13.6,,0.0,
2024-05-09,dubai,25.0742823,55.1885387,32.1,29.0,38.7,,1006.5,14.8,,0.0,
2024-05-10,dubai,25.0742823,55.1885387,29.0,26.9,33.4,,1007.9,15.9,,0.0,
2024-05-11,dubai,25.0742823,55.1885387,29.1,23.9,33.3,,1008.2,13.4,,0.0,
2024-05-12,dubai,25.0742823,55.1885387,33.1,26.6,40.4,,1007.3,10.2,,0.0,
2024-05-13,dubai,25.0742823,55.1885387,34.3,29.0,40.9,,1006.3,14.4,,0.0,
2024-05-14,dubai,25.0742823,55.1885387,36.1,31.9,42.7,,1006.6,15.1,,0.0,
2024-05-15,dubai,25.0742823,55.1885387,35.8,31.8,41.2,,1007.6,16.2,,0.0,
2024-05-16,dubai,25.0742823,55.1885387,35.5,31.9,41.3,,1008.4,16.0,,0.0,
2024-05-17,dubai,25.0742823,55.1885387,35.6,31.5,40.6,,1007.4,14.3,,0.0,
2024-05-18,dubai,25.0742823,55.1885387,35.5,32.0,41.2,,1005.8,12.4,,0.0,
2024-05-19,dubai,25.0742823,55.1885387,31.3,29.0,36.6,,1004.4,14.6,,0.0,
2024-05-20,dubai,25.0742823,55.1885387,30.2,25.3,35.2,,1004.6,13.8,,0.0,
2024-05-21,dubai,25.0742823,55.1885387,31.1,25.4,35.6,,1005.0,12.8,,0.0,
2024-05-22,dubai,25.0742823,55.1885387,33.3,27.0,38.6,,1003.6,10.8,,0.0,
2024-05-23,dubai,25.0742823,55.1885387,35.1,29.0,40.9,,1002.5,14.6,,0.0,
2024-05-24,dubai,25.0742823,55.1885387,32.6,27.0,36.7,,1001.6,16.6,,0.0,
2024-05-25,dubai,25.0742823,55.1885387,32.8,27.0,38.3,,1001.2,14.6,,0.0,
2024-05-26,dubai,25.0742823,55.1885387,34.7,28.1,41.5,,1001.9,12.7,,0.0,
2024-05-27,dubai,25.0742823,55.1885387,36.8,30.6,42.2,,1001.7,10.5,,0.0,
2024-05-28,dubai,25.0742823,55.1885387,34.2,30.0,41.9,,1001.1,14.1,,0.0,
2024-05-29,dubai,25.0742823,55.1885387,34.3,25.6,41.6,,999.9,11.3,,0.0,
2024-05-30,dubai,25.0742823,55.1885387,35.8,29.9,42.2,,1001.3,10.7,,0.0,
2024-05-31,dubai,25.0742823,55.1885387,35.9,29.7,42.4,,1002.5,11.4,,0.0,
2024-06-01,dubai,25.0742823,55.1885387,38.2,31.0,46.3,,1002.4,10.8,,0.0,
2024-06-02,dubai,25.0742823,55.1885387,35.6,31.0,42.0,,1000.8,10.6,,0.0,
2024-06-03,dubai,25.0742823,55.1885387,34.4,29.5,40.2,,1000.9,13.0,,0.0,
2024-06-04,dubai,25.0742823,55.1885387,34.7,30.0,39.4,,1001.7,13.1,,0.0,
2024-06-05,dubai,25.0742823,55.1885387,33.5,30.9,38.2,,1001.6,12.2,,0.0,
2024-06-06,dubai,25.0742823,55.1885387,34.3,28.8,39.2,,1003.0,11.4,,0.0,
2024-06-07,dubai,25.0742823,55.1885387,35.2,31.0,39.0,,1001.9,11.8,,0.0,
2024-06-08,dubai,25.0742823,55.1885387,36.3,31.8,41.8,,1000.5,14.5,,0.0,
2024-06-09,dubai,25.0742823,55.1885387,37.3,32.9,42.0,,1001.7,14.9,,0.0,
2024-06-10,dubai,25.0742823,55.1885387,37.3,33.6,42.2,,1003.0,13.7,,0.0,
2024-06-11,dubai,25.0742823,55.1885387,37.3,34.0,43.6,,1002.8,16.4,,0.0,
2024-06-12,dubai,25.0742823,55.1885387,36.4,31.3,41.9,,1001.8,15.7,,0.0,
2024-06-13,dubai,25.0742823,55.1885387,36.6,31.9,41.9,,1000.1,13.4,,0.0,
2024-06-14,dubai,25.0742823,55.1885387,34.4,30.0,37.6,,998.5,16.1,,0.0,
2024-06-15,dubai,25.0742823,55.1885387,36.7,30.5,42.1,,998.3,10.6,,0.0,
2024-06-16,dubai,25.0742823,55.1885387,38.6,31.6,44.0,,999.4,12.5,,0.0,
2024-06-17,dubai,25.0742823,55.1885387,38.0,33.5,44.8,,1000.2,12.3,,0.0,
2024-06-18,dubai,25.0742823,55.1885387,38.1,34.1,45.6,,1000.1,12.9,,0.0,
2024-06-19,dubai,25.0742823,55.1885387,37.3,32.5,45.0,,998.3,13.8,,0.0,
2024-06-20,dubai,25.0742823,55.1885387,37.3,33.2,41.3,,996.2,13.0,,0.0,
2024-06-21,dubai,25.0742823,55.1885387,37.9,34.0,44.0,,995.5,10.8,,0.0,
2024-06-22,dubai,25.0742823,55.1885387,38.1,32.7,44.4,,995.3,11.8,,0.0,
2024-06-23,dubai,25.0742823,55.1885387,39.6,33.5,47.0,,997.1,11.3,,0.0,
2024-06-24,dubai,25.0742823,55.1885387,39.3,34.8,46.4,,997.3,13.5,,0.0,
2024-06-25,dubai,25.0742823,55.1885387,37.7,33.0,43.6,,995.4,11.6,,0.0,
2024-06-26,dubai,25.0742823,55.1885387,37.6,31.9,45.6,,993.5,13.3,,0.0,
2024-06-27,dubai,25.0742823,55.1885387,36.9,31.9,41.5,,994.5,12.2,,0.0,
2024-06-28,dubai,25.0742823,55.1885387,36.6,32.7,39.6,,994.8,12.0,,0.0,
2024-06-29,dubai,25.0742823,55.1885387,36.1,33.2,40.3,,994.8,14.0,,0.0,
2024-06-30,dubai,25.0742823,55.1885387,36.2,32.5,41.2,,996.1,12.0,,0.0,
2024-07-01,dubai,25.0742823,55.1885387,35.4,31.7,39.8,,994.7,12.6,,0.0,
2024-07-02,dubai,25.0742823,55.1885387,37.2,32.7,44.8,,992.0,13.3,,0.0,
2024-07-03,dubai,25.0742823,55.1885387,36.5,32.0,41.8,,992.3,13.2,,0.0,
2024-07-04,dubai,25.0742823,55.1885387,35.6,32.5,39.6,,994.9,18.5,,0.0,
2024-07-05,dubai,25.0742823,55.1885387,35.2,31.0,40.4,,994.7,15.2,,0.0,
2024-07-06,dubai,25.0742823,55.1885387,36.3,31.4,40.5,,993.4,13.7,,0.0,
2024-07-07,dubai,25.0742823,55.1885387,38.0,33.7,43.3,,993.8,10.7,,0.0,
2024-07-08,dubai,25.0742823,55.1885387,38.4,34.4,43.3,,994.8,12.9,,0.0,
2024-07-09,dubai,25.0742823,55.1885387,40.0,35.0,46.4,,996.8,17.2,,0.0,
2024-07-10,dubai,25.0742823,55.1885387,38.6,34.5,43.6,,999.1,14.3,,0.0,
2024-07-11,dubai,25.0742823,55.1885387,37.9,36.4,42.2,,998.6,15.2,,0.0,
2024-07-12,dubai,25.0742823,55.1885387,37.4,34.8,42.2,,995.3,14.2,,0.0,
2024-07-13,dubai,25.0742823,55.1885387,38.2,33.0,43.2,,993.8,11.6,,0.0,
2024-07-14,dubai,25.0742823,55.1885387,38.5,34.8,44.4,,993.6,10.9,,0.0,
2024-07-15,dubai,25.0742823,55.1885387,37.1,33.4,39.7,,994.8,12.0,,0.0,
2024-07-16,dubai,25.0742823,55.1885387,39.4,35.0,45.2,,995.8,15.3,,0.0,
2024-07-17,dubai,25.0742823,55.1885387,37.7,34.7,43.4,,996.3,15.1,,0.0,
2024-07-18,dubai,25.0742823,55.1885387,37.0,34.0,41.4,,995.3,14.9,,0.0,
2024-07-19,dubai,25.0742823,55.1885387,36.4,33.0,40.2,,993.0,11.2,,0.0,
2024-07-20,dubai,25.0742823,55.1885387,37.0,33.4,42.2,,993.3,14.5,,0.0,
2024-07-21,dubai,25.0742823,55.1885387,37.1,34.6,41.5,,994.5,13.3,,0.0,
2024-07-22,dubai,25.0742823,55.1885387,36.9,34.8,40.7,,995.0,12.9,,0.0,
2024-07-23,dubai,25.0742823,55.1885387,36.2,34.0,40.2,,995.5,13.7,,0.0,
2024-07-24,dubai,25.0742823,55.1885387,36.4,31.5,42.0,,993.3,15.2,,0.0,
2024-07-25,dubai,25.0742823,55.1885387,37.8,32.1,42.8,,991.9,13.9,,0.0,
2024-07-26,dubai,25.0742823,55.1885387,37.6,31.8,42.7,,993.7,12.9,,0.0,
2024-07-27,dubai,25.0742823,55.1885387,37.8,33.4,42.3,,995.5,14.5,,0.0,
2024-07-28,dubai,25.0742823,55.1885387,36.4,32.7,40.4,,994.4,17.1,,0.0,
2024-07-29,dubai,25.0742823,55.1885387,36.3,32.6,41.6,,992.4,15.0,,0.0,
2024-07-30,dubai,25.0742823,55.1885387,39.0,33.6,45.3,,993.7,18.1,,0.0,
2024-07-31,dubai,25.0742823,55.1885387,39.0,35.0,44.2,,996.1,16.4,,0.0,
2024-08-01,dubai,25.0742823,55.1885387,39.3,36.0,43.8,,995.3,15.4,,0.0,
2024-08-02,dubai,25.0742823,55.1885387,37.0,34.0,40.3,,993.5,11.8,,0.0,
2024-08-03,dubai,25.0742823,55.1885387,37.1,34.0,43.7,,993.7,13.5,,0.0,
2024-08-04,dubai,25.0742823,55.1885387,35.6,33.5,40.6,,994.6,13.5,,0.0,
2024-08-05,dubai,25.0742823,55.1885387,36.8,32.9,42.0,,995.5,18.0,,0.0,
2024-08-06,dubai,25.0742823,55.1885387,36.1,32.2,40.1,,997.3,15.0,,0.0,
2024-08-07,dubai,25.0742823,55.1885387,36.7,33.9,40.9,,997.3,13.9,,0.0,
2024-08-08,dubai,25.0742823,55.1885387,37.1,33.0,43.1,,997.2,19.6,,0.0,
2024-08-09,dubai,25.0742823,55.1885387,36.4,32.7,42.2,,999.1,23.7,,0.0,
2024-08-10,dubai,25.0742823,55.1885387,36.5,32.0,43.0,,999.5,19.1,,0.0,
2024-08-11,dubai,25.0742823,55.1885387,37.5,32.7,42.5,,997.7,16.0,,0.0,
2024-08-12,dubai,25.0742823,55.1885387,38.6,35.0,43.0,,996.7,14.9,,0.0,
2024-08-13,dubai,25.0742823,55.1885387,38.3,34.0,44.2,,998.3,15.1,,0.0,
2024-08-14,dubai,25.0742823,55.1885387,37.9,33.8,43.6,,999.3,17.0,,0.0,
2024-08-15,dubai,25.0742823,55.1885387,37.5,33.7,43.0,,998.8,15.8,,0.0,
2024-08-16,dubai,25.0742823,55.1885387,37.4,35.0,41.1,,995.9,11.6,,0.0,
2024-08-17,dubai,25.0742823,55.1885387,36.1,32.7,42.1,,996.2,23.8,,0.0,
2024-08-18,dubai,25.0742823,55.1885387,36.0,32.5,41.5,,998.8,25.9,,0.0,
2024-08-19,dubai,25.0742823,55.1885387,36.4,33.0,42.0,,1000.1,19.8,,0.0,
2024-08-20,dubai,25.0742823,55.1885387,36.6,32.3,41.0,,999.4,18.7,,0.0,
2024-08-21,dubai,25.0742823,55.1885387,34.8,31.4,39.7,,1001.6,21.1,,0.0,
2024-08-22,dubai,25.0742823,55.1885387,35.2,31.9,40.4,,1002.1,16.5,,0.0,
2024-08-23,dubai,25.0742823,55.1885387,36.0,33.4,41.0,,1001.8,14.3,,0.0,
2024-08-24,dubai,25.0742823,55.1885387,37.9,33.7,41.1,,1001.4,13.0,,0.0,
2024-08-25,dubai,25.0742823,55.1885387,37.4,34.9,43.5,,1001.0,12.7,,0.0,
2024-08-26,dubai,25.0742823,55.1885387,35.9,33.0,40.2,,999.5,13.2,,0.0,
2024-08-27,dubai,25.0742823,55.1885387,35.9,32.8,43.0,,998.5,12.5,,0.0,
2024-08-28,dubai,25.0742823,55.1885387,36.9,32.7,46.3,,999.3,12.8,,0.0,
2024-08-29,dubai,25.0742823,55.1885387,36.8,33.3,42.3,,998.9,11.5,,0.0,
2024-08-30,dubai,25.0742823,55.1885387,35.6,31.8,40.3,,998.3,12.0,,0.0,
2024-08-31,dubai,25.0742823,55.1885387,39.0,33.0,46.0,,999.0,18.8,,,
2024-09-01,dubai,25.0742823,55.1885387,35.9,32.0,42.1,,1000.9,17.9,,0.0,
2024-09-02,dubai,25.0742823,55.1885387,36.7,32.0,42.0,,1001.8,14.4,,0.0,
2024-09-03,dubai,25.0742823,55.1885387,36.8,31.5,44.8,,1001.9,15.7,,0.0,
2024-09-04,dubai,25.0742823,55.1885387,35.6,30.9,42.0,,1002.4,14.9,,0.0,
2024-09-05,dubai,25.0742823,55.1885387,35.3,31.7,40.4,,1000.8,15.8,,0.0,
2024-09-06,dubai,25.0742823,55.1885387,34.7,31.0,37.8,,1000.9,11.6,,0.0,
2024-09-07,dubai,25.0742823,55.1885387,35.3,30.4,41.4,,1002.1,12.0,,0.0,
2024-09-08,dubai,25.0742823,55.1885387,35.7,30.6,43.9,,1003.4,14.2,,0.0,
2024-09-09,dubai,25.0742823,55.1885387,35.5,31.3,41.1,,1003.0,12.4,,0.0,
2024-09-10,dubai,25.0742823,55.1885387,34.1,30.0,38.9,,1001.3,11.7,,0.0,
2024-09-11,dubai,25.0742823,55.1885387,36.6,31.0,41.9,,1000.4,12.6,,0.0,
2024-09-12,dubai,25.0742823,55.1885387,37.9,31.4,45.2,,1000.8,12.6,,0.0,
2024-09-13,dubai,25.0742823,55.1885387,36.4,33.0,41.7,,1000.5,12.8,,0.0,
2024-09-14,dubai,25.0742823,55.1885387,34.7,30.8,40.9,,1000.1,14.5,,0.0,
2024-09-15,dubai,25.0742823,55.1885387,35.2,30.7,41.0,,1001.5,16.0,,0.0,
2024-09-16,dubai,25.0742823,55.1885387,34.4,30.1,40.0,,1003.8,11.9,,0.0,
2024-09-17,dubai,25.0742823,55.1885387,34.1,29.9,38.5,,1005.5,12.9,,0.0,
2024-09-18,dubai,25.0742823,55.1885387,34.2,30.2,39.1,,1004.9,14.9,,0.0,
2024-09-19,dubai,25.0742823,55.1885387,33.7,30.9,37.7,,1005.1,13.4,,0.0,
2024-09-20,dubai,25.0742823,55.1885387,33.8,30.7,37.0,,1005.7,13.0,,0.0,
2024-09-21,dubai,25.0742823,55.1885387,34.4,30.9,38.0,,1005.2,13.4,,0.0,
2024-09-22,dubai,25.0742823,55.1885387,36.0,30.5,42.6,,1005.1,11.6,,0.0,
2024-09-23,dubai,25.0742823,55.1885387,35.6,31.0,42.0,,1004.9,11.2,,0.0,
2024-09-24,dubai,25.0742823,55.1885387,34.3,29.8,38.9,,1003.7,12.1,,0.0,
2024-09-25,dubai,25.0742823,55.1885387,34.2,30.6,39.8,,1001.8,12.1,,0.0,
2024-09-26,dubai,25.0742823,55.1885387,33.6,29.6,41.4,,1001.2,11.9,,0.0,
2024-09-27,dubai,25.0742823,55.1885387,33.4,29.5,38.8,,1001.8,11.7,,0.0,
2024-09-28,dubai,25.0742823,55.1885387,33.5,30.3,38.9,,1002.6,11.3,,0.0,
2024-09-29,dubai,25.0742823,55.1885387,34.2,31.0,40.3,,1004.7,16.5,,0.0,
2024-09-30,dubai,25.0742823,55.1885387,33.6,30.4,38.3,,1007.9,17.9,,0.0,
2024-10-01,dubai,25.0742823,55.1885387,33.6,29.8,37.4,,1007.5,13.8,,0.0,
2024-10-02,dubai,25.0742823,55.1885387,34.3,31.0,39.5,,1008.0,14.5,,0.0,
2024-10-03,dubai,25.0742823,55.1885387,34.2,30.4,39.0,,1007.4,15.7,,0.0,
2024-10-04,dubai,25.0742823,55.1885387,33.9,29.5,37.6,,1005.5,15.6,,0.0,
2024-10-05,dubai,25.0742823,55.1885387,33.2,30.5,36.0,,1005.5,15.9,,0.0,
2024-10-06,dubai,25.0742823,55.1885387,32.5,29.4,37.0,,1007.2,12.8,,0.0,
2024-10-07,dubai,25.0742823,55.1885387,33.9,30.4,38.5,,1010.2,13.1,,0.0,
2024-10-08,dubai,25.0742823,55.1885387,33.4,29.0,39.7,,1011.4,13.8,,0.0,
2024-10-09,dubai,25.0742823,55.1885387,32.8,29.9,37.6,,1010.3,15.7,,0.0,
2024-10-10,dubai,25.0742823,55.1885387,32.6,29.5,37.5,,1009.0,13.1,,0.0,
2024-10-11,dubai,25.0742823,55.1885387,32.8,30.0,37.2,,1008.7,11.8,,0.0,
2024-10-12,dubai,25.0742823,55.1885387,32.8,28.5,38.6,,1008.4,12.6,,0.0,
2024-10-13,dubai,25.0742823,55.1885387,32.5,29.6,36.6,,1008.1,12.1,,0.0,
2024-10-14,dubai,25.0742823,55.1885387,33.3,29.5,37.9,,1008.2,15.1,,0.0,
2024-10-15,dubai,25.0742823,55.1885387,32.6,29.0,38.0,,1009.4,17.3,,0.0,
2024-10-16,dubai,25.0742823,55.1885387,32.1,29.0,37.0,,1009.8,18.0,,0.0,
2024-10-17,dubai,25.0742823,55.1885387,31.9,29.0,35.9,,1009.5,14.8,,0.0,
2024-10-18,dubai,25.0742823,55.1885387,32.8,29.0,37.5,,1008.5,13.1,,0.0,
2024-10-19,dubai,25.0742823,55.1885387,33.3,29.8,37.9,,1009.4,14.3,,0.0,
2024-10-20,dubai,25.0742823,55.1885387,33.1,30.4,37.7,,1009.8,14.2,,0.0,
2024-10-21,dubai,25.0742823,55.1885387,32.5,29.1,38.5,,1009.3,12.8,,0.0,
2024-10-22,dubai,25.0742823,55.1885387,31.7,28.4,37.1,,1010.0,13.8,,0.0,
2024-10-23,dubai,25.0742823,55.1885387,32.3,27.7,38.3,,1011.4,14.2,,0.0,
2024-10-24,dubai,25.0742823,55.1885387,33.2,29.6,39.8,,1011.8,14.0,,0.0,
2024-10-25,dubai,25.0742823,55.1885387,32.1,29.7,36.2,,1012.5,14.4,,0.0,
2024-10-26,dubai,25.0742823,55.1885387,31.6,28.8,35.4,,1013.0,14.4,,0.0,
2024-10-27,dubai,25.0742823,55.1885387,31.4,27.9,35.0,,1012.3,14.9,,0.0,
2024-10-28,dubai,25.0742823,55.1885387,31.4,30.0,33.0,,1010.1,18.6,,0.0,
2024-10-29,dubai,25.0742823,55.1885387,30.2,25.6,33.6,,1010.1,16.9,,0.0,
2024-10-30,dubai,25.0742823,55.1885387,29.7,24.7,33.2,,1010.6,15.4,,0.0,
2024-10-31,dubai,25.0742823,55.1885387,30.2,25.6,35.6,,1012.0,11.5,,0.0,
2024-11-01,dubai,25.0742823,55.1885387,30.8,26.9,35.5,,1013.4,12.3,,0.0,
2024-11-02,dubai,25.0742823,55.1885387,30.6,27.3,34.1,,1014.4,12.2,,0.0,
2024-11-03,dubai,25.0742823,55.1885387,29.8,26.0,35.0,,1013.6,11.0,,0.0,
2024-11-04,dubai,25.0742823,55.1885387,30.0,25.3,34.6,,1012.5,8.9,,0.0,
2024-11-05,dubai,25.0742823,55.1885387,30.8,25.9,36.0,,1012.6,8.5,,0.0,
2024-11-06,dubai,25.0742823,55.1885387,30.3,26.5,36.3,,1014.7,11.3,,0.0,
2024-11-07,dubai,25.0742823,55.1885387,30.1,26.9,34.9,,1015.1,11.6,,0.0,
2024-11-08,dubai,25.0742823,55.1885387,28.9,25.4,34.2,,1014.1,11.0,,0.0,
2024-11-09,dubai,25.0742823,55.1885387,28.8,24.6,34.0,,1013.8,9.5,,0.0,
2024-11-10,dubai,25.0742823,55.1885387,29.1,25.0,33.0,,1014.9,11.1,,0.0,
2024-11-11,dubai,25.0742823,55.1885387,29.6,25.7,33.9,,1015.2,12.0,,0.0,
2024-11-12,dubai,25.0742823,55.1885387,29.4,25.5,33.1,,1013.6,12.6,,0.0,
2024-11-13,dubai,25.0742823,55.1885387,28.8,25.4,32.4,,1011.7,11.1,,0.0,
2024-11-14,dubai,25.0742823,55.1885387,28.8,24.9,33.0,,1011.6,13.5,,0.0,
2024-11-15,dubai,25.0742823,55.1885387,28.3,24.5,32.3,,1013.8,14.0,,0.0,
2024-11-16,dubai,25.0742823,55.1885387,27.3,23.3,30.6,,1014.2,14.5,,0.0,
2024-11-17,dubai,25.0742823,55.1885387,27.4,22.2,31.4,,1013.3,11.4,,0.0,
2024-11-18,dubai,25.0742823,55.1885387,27.8,24.0,33.0,,1013.8,9.2,,0.0,
2024-11-19,dubai,25.0742823,55.1885387,27.5,23.0,32.0,,1015.3,10.5,,0.0,
2024-11-20,dubai,25.0742823,55.1885387,27.7,24.0,31.0,,1015.0,9.7,,0.0,
2024-11-21,dubai,25.0742823,55.1885387,27.2,24.0,31.0,,1014.4,11.1,,0.0,
2024-11-22,dubai,25.0742823,55.1885387,27.4,23.7,32.1,,1014.0,10.4,,0.0,
2024-11-23,dubai,25.0742823,55.1885387,27.7,22.9,31.2,,1013.9,10.2,,0.0,
2024-11-24,dubai,25.0742823,55.1885387,27.0,23.0,31.4,,1013.4,11.1,,0.0,
2024-11-25,dubai,25.0742823,55.1885387,27.6,23.6,32.9,,1013.9,10.5,,0.0,
2024-11-26,dubai,25.0742823,55.1885387,27.9,24.7,32.6,,1015.1,10.8,,0.0,
2024-11-27,dubai,25.0742823,55.1885387,28.2,23.7,33.4,,1013.9,10.4,,0.0,
2024-11-28,dubai,25.0742823,55.1885387,27.5,23.6,31.2,,1014.3,18.0,,0.0,
2024-11-29,dubai,25.0742823,55.1885387,25.9,24.9,28.4,,1016.2,21.7,,0.0,
2024-11-30,dubai,25.0742823,55.1885387,25.0,21.0,27.7,,1015.8,21.0,,0.0,
2024-12-01,dubai,25.0742823,55.1885387,24.8,24.0,26.0,,1013.7,21.0,,0.0,
2024-12-02,dubai,25.0742823,55.1885387,23.7,19.0,26.5,,1013.5,12.0,,0.0,
2024-12-03,dubai,25.0742823,55.1885387,23.5,18.9,27.0,,1015.8,11.3,,0.0,
2024-12-04,dubai,25.0742823,55.1885387,23.9,19.8,27.6,,1017.2,10.7,,0.0,
2024-12-05,dubai,25.0742823,55.1885387,23.8,19.5,27.0,,1017.4,9.6,,0.0,
2024-12-06,dubai,25.0742823,55.1885387,24.7,20.0,28.4,,1017.7,8.8,,0.0,
2024-12-07,dubai,25.0742823,55.1885387,25.7,22.3,30.0,,1017.4,10.3,,0.0,
2024-12-08,dubai,25.0742823,55.1885387,25.2,20.3,30.3,,1019.1,12.7,,0.0,
2024-12-09,dubai,25.0742823,55.1885387,24.4,18.7,29.7,,1018.3,11.5,,0.0,
2024-12-10,dubai,25.0742823,55.1885387,24.2,20.0,27.3,,1016.8,10.2,,0.0,
2024-12-11,dubai,25.0742823,55.1885387,24.6,20.7,29.5,,1017.9,14.7,,0.0,
2024-12-12,dubai,25.0742823,55.1885387,24.1,20.4,29.2,,1017.9,11.2,,0.0,
